Subject,Group,Rh2A2.5000f.620345_D11 gp120.avi/293F,Rh2A2.5000f.Q769_D11 gp120.avi/293F,Rh2A2.5000f.Ce1086_B2 gp70-V1V2*,Rh2A2.5000f.V3,Rh2A2.5000f.FLSC (CD4i),Rh2A2.5000f.STG/KLE,Rh2A2.5000f.9004S gp140C.avi*,Rh2A2.5000f.gp140 SHIV SF162P3,Rh2A2.5000f.Gag SIV mac239,Rh2A2.5000f.STG-WT,Rh2A2.5000f.CH505w020.14D8 gp120 293F,Rh2A2.5000f.gp41 HxBc2,Rh2A2.5000f.B.6240 D11gp120.avi/293F*,Rh2A2.5000f.p24 HxBc2,Rh2A2.5000f.BJOX028_D11 gp120.avi/293F,Rh2A2.5000f.B.6240 gp140C/293F,Rh2A2.5000f.C.089_D11 gp120/293F,Rh2A2.5000f.CH505w030.20D8gp120/293F,Rh2A2.5000f.gp120 SHIV SF162P3,Rh2A2.5000f.CH505.w30.12D8gp120/293F,Rh2A2.5000f.CH505.M11 D8 gp120/293F,Rh2A2.5000f.CH505w136.B18D8gp120/293F,Rh2A2.5000f.C.CH505TF gp140/293F*,Rh2A2.5000f.C3347_11 gp140C.avi,Rh2A2.5000f.gp120 JRCSF,Rh2A2.5000f.CH505.M5D8gp120/293F,Rh2A2.5000f.CH0505_TF D7gp120/293F/Mon,Rh2A4.5000f.620345_D11 gp120.avi/293F,Rh2A4.5000f.Q769_D11 gp120.avi/293F,Rh2A4.5000f.V3,Rh2A4.5000f.RSC,Rh2A4.5000f.FLSC (CD4i),Rh2A4.5000f.STG/KLE,Rh2A4.5000f.Gag SIV mac239,Rh2A4.5000f.CH505w020.14D8 gp120 293F,Rh2A4.5000f.B.6240 D11gp120.avi/293F*,Rh2A4.5000f.p24 HxBc2,Rh2A4.5000f.BJOX028_D11 gp120.avi/293F,Rh2A4.5000f.CH505w030.20D8gp120/293F,Rh2A4.5000f.CH505.w30.12D8gp120/293F,Rh2A4.5000f.62357_14 gp70-V1V2*,Rh2A4.5000f.CH505.M11 D8 gp120/293F,Rh2A4.5000f.CH505w136.B18D8gp120/293F,Rh2A4.5000f.C.CH505TF gp140/293F*,Rh2A4.5000f.gp120 JRCSF,Rh2A4.5000f.CH505.M5D8gp120/293F,Rh2A4.5000f.CH0505_TF D7gp120/293F/Mon,Rh2A4.5000f.REJO4541.67 gp70-V1V2,Rh2A3.5000f.620345_D11 gp120.avi/293F,Rh2A3.5000f.Q769_D11 gp120.avi/293F,Rh2A3.5000f.IIIB pr55 Gag,Rh2A3.5000f.CaseA2 gp70 V1V2*,Rh2A3.5000f.V3,Rh2A3.5000f.RSC,Rh2A3.5000f.FLSC (CD4i),Rh2A3.5000f.STG/KLE,Rh2A3.5000f.9004S gp140C.avi*,Rh2A3.5000f.gp140 SHIV SF162P3,Rh2A3.5000f.Gag SIV mac239,Rh2A3.5000f.STG-WT,Rh2A3.5000f.CH505w020.14D8 gp120 293F,Rh2A3.5000f.gp41 HxBc2,Rh2A3.5000f.B.6240 D11gp120.avi/293F*,Rh2A3.5000f.p24 HxBc2,Rh2A3.5000f.BJOX028_D11 gp120.avi/293F,Rh2A3.5000f.B.6240 gp140C/293F,Rh2A3.5000f.C.089_D11 gp120/293F,Rh2A3.5000f.CH505w030.20D8gp120/293F,Rh2A3.5000f.gp120 SHIV SF162P3,Rh2A3.5000f.CH505.w30.12D8gp120/293F,Rh2A3.5000f.CH505.M11 D8 gp120/293F,Rh2A3.5000f.CH505w136.B18D8gp120/293F,Rh2A3.5000f.C.CH505TF gp140/293F*,Rh2A3.5000f.C3347_11 gp140C.avi,Rh2A3.5000f.gp120 JRCSF,Rh2A3.5000f.CH505.M5D8gp120/293F,Rh2A3.5000f.CNE5 gp140C.avi/293F,Rh2A3.5000f.CH0505_TF D7gp120/293F/Mon,Rh3A3.5000f.620345_D11 gp120.avi/293F,Rh3A3.5000f.Q769_D11 gp120.avi/293F,Rh3A3.5000f.IIIB pr55 Gag,Rh3A3.5000f.V3,Rh3A3.5000f.RSC,Rh3A3.5000f.FLSC (CD4i),Rh3A3.5000f.7060101641A7 gp70-V1V2*,Rh3A3.5000f.STG/KLE,Rh3A3.5000f.Gag SIV mac239,Rh3A3.5000f.STG-WT,Rh3A3.5000f.CH505w020.14D8 gp120 293F,Rh3A3.5000f.B.6240 D11gp120.avi/293F*,Rh3A3.5000f.BJOX028_D11 gp120.avi/293F,Rh3A3.5000f.C.089_D11 gp120/293F,Rh3A3.5000f.CH505w030.20D8gp120/293F,Rh3A3.5000f.gp120 SHIV SF162P3,Rh3A3.5000f.CH505.w30.12D8gp120/293F,Rh3A3.5000f.CH505.M11 D8 gp120/293F,Rh3A3.5000f.CH505w136.B18D8gp120/293F,Rh3A3.5000f.C.CH505TF gp140/293F*,Rh3A3.5000f.gp120 JRCSF,Rh3A3.5000f.CH505.M5D8gp120/293F,Rh3A3.5000f.CH0505_TF D7gp120/293F/Mon,Rh3A3.5000f.REJO4541.67 gp70-V1V2,Rh3A1.5000f.620345_D11 gp120.avi/293F,Rh3A1.5000f.Q769_D11 gp120.avi/293F,Rh3A1.5000f.IIIB pr55 Gag,Rh3A1.5000f.CaseA2 gp70 V1V2*,Rh3A1.5000f.Ce1086_B2 gp70-V1V2*,Rh3A1.5000f.V3,Rh3A1.5000f.FLSC (CD4i),Rh3A1.5000f.STG/KLE,Rh3A1.5000f.gp140 SHIV SF162P3,Rh3A1.5000f.Gag SIV mac239,Rh3A1.5000f.STG-WT,Rh3A1.5000f.CH505w020.14D8 gp120 293F,Rh3A1.5000f.gp41 HxBc2,Rh3A1.5000f.B.6240 D11gp120.avi/293F*,Rh3A1.5000f.p24 HxBc2,Rh3A1.5000f.BJOX028_D11 gp120.avi/293F,Rh3A1.5000f.B.6240 gp140C/293F,Rh3A1.5000f.C.089_D11 gp120/293F,Rh3A1.5000f.CH505w030.20D8gp120/293F,Rh3A1.5000f.gp120 SHIV SF162P3,Rh3A1.5000f.CH505.w30.12D8gp120/293F,Rh3A1.5000f.CH505.M11 D8 gp120/293F,Rh3A1.5000f.CH505w136.B18D8gp120/293F,Rh3A1.5000f.C.CH505TF gp140/293F*,Rh3A1.5000f.C3347_11 gp140C.avi,Rh3A1.5000f.gp120 JRCSF,Rh3A1.5000f.CH505.M5D8gp120/293F,Rh3A1.5000f.CNE5 gp140C.avi/293F,Rh3A1.5000f.CH0505_TF D7gp120/293F/Mon
EE32,2,337.5,216.5,84.5,1003.0,32199.25,116.5,90.25,122.0,265.5,196.0,2959.75,148.25,485.5,182.0,130.5,97.5,65.5,3258.25,88.5,3367.0,2428.25,3262.5,241.0,92.0,169.75,5284.0,2845.25,134.75,165.0,1695.0,164.5,39233.25,145.25,723.5,1676.0,205.0,251.75,129.25,1473.0,1214.5,125.75,945.25,1745.75,117.5,220.75,3947.25,1411.0,49.0,130.75,140.5,165.0,77.5,891.25,109.0,20184.5,139.0,90.0,105.25,237.5,180.0,1329.0,142.75,176.0,177.25,92.0,88.0,46.75,1086.0,78.0,959.5,795.0,1385.5,154.0,79.0,148.5,3021.5,100.0,1170.5,716.75,456.75,162.0,845.5,104.0,33537.5,54.5,118.0,313.0,172.25,7729.75,1504.75,166.75,62.75,4868.5,78.5,3952.5,4143.75,6859.25,416.25,207.5,12815.75,4421.0,70.0,804.5,634.5,197.0,93.5,110.0,910.5,44289.5,93.5,118.0,298.0,177.25,7606.0,156.0,1138.5,241.5,179.75,89.25,57.5,5135.25,108.0,5219.0,4425.5,6982.5,421.5,122.75,195.0,10104.25,114.75,5297.75
GB06,2,10465.25,6149.5,209.0,8689.0,40144.75,1251.25,157.5,312.5,479.5,2185.25,33191.25,191.25,10268.25,310.75,2614.75,980.75,897.25,30841.0,501.25,34527.0,30411.0,33512.0,5369.0,790.25,2913.0,53902.5,30818.25,10932.75,9361.0,11099.0,130.5,61544.0,759.75,495.5,52796.25,9358.75,203.25,1647.5,45298.5,49230.5,50.0,42403.25,53209.25,3315.75,1881.0,72998.0,62553.0,106.5,13668.0,16940.75,149.25,61.0,11502.5,99.25,80583.75,2124.75,102.0,243.5,151.5,4295.0,69639.0,148.5,18996.75,162.0,3605.5,1320.5,1625.75,58729.0,495.75,59325.5,54353.0,68048.0,11363.75,1181.5,5027.0,79464.0,105.0,63809.0,14653.5,8643.75,160.5,8460.5,116.25,42648.25,115.25,2671.75,217.75,5079.0,35228.25,13401.25,6225.5,3304.0,37348.25,1171.5,35663.5,36534.5,37600.5,9549.75,3814.25,58406.0,45593.5,91.0,26696.5,16270.5,196.0,77.0,96.25,14271.0,69763.75,5215.25,1913.5,215.0,14054.0,60194.75,147.75,29026.25,251.5,13381.75,7982.75,5286.0,57325.0,2528.5,62888.5,68542.25,63609.75,20735.5,6057.75,8663.5,76753.5,129.75,65064.5
GH90,2,3403.25,11796.5,126.25,3688.75,1992.0,292.5,114.0,165.25,448.0,361.25,18116.5,256.5,7030.5,257.25,1476.75,142.0,128.5,18527.5,195.0,13790.75,11466.0,19567.5,841.75,158.25,695.25,35312.0,16128.0,2365.0,10212.0,3766.5,146.0,2769.5,180.25,567.75,26839.5,7511.0,182.0,455.5,22089.5,20260.0,73.0,11791.0,24306.0,286.0,443.25,52492.25,25114.25,105.25,7289.25,19551.5,161.75,64.75,3085.75,109.25,5408.75,191.0,126.5,159.25,245.75,350.5,42630.5,160.0,15992.0,174.75,2091.0,77.25,97.5,35072.5,133.0,29935.5,26315.5,38322.5,1151.75,109.25,1162.0,63013.0,113.5,36822.5,6808.5,16652.5,180.5,2343.0,123.0,4019.75,78.5,437.5,366.25,565.25,24524.5,10998.75,2658.5,420.0,19667.25,348.25,19446.75,14990.0,14995.75,2607.75,1469.25,38196.0,22186.5,84.25,27424.0,43363.5,201.0,83.5,77.75,8855.5,23548.5,1289.0,881.25,872.5,2428.25,67633.0,744.5,46994.5,156.5,14705.25,291.5,1966.5,59967.5,1906.0,59405.0,58137.75,64513.5,12765.5,560.0,6118.5,84987.25,448.25,67224.0
GI26,1,5738.25,18627.5,94.25,12635.75,28823.0,213.0,129.75,215.5,215.5,359.5,27160.5,163.25,9649.75,177.0,1203.0,119.75,210.5,24380.25,310.25,22935.75,22758.0,31620.5,2586.25,130.0,707.5,41394.0,32973.5,2824.0,14107.0,14424.75,128.25,35656.0,128.5,684.25,32829.75,5249.5,245.0,273.0,30869.75,33547.0,84.5,25899.5,28484.75,651.75,366.0,54923.0,31700.75,65.0,3478.0,10373.0,145.5,52.5,6675.0,101.75,27537.25,161.0,102.75,145.5,163.75,265.25,19047.5,133.75,3524.0,160.75,342.75,90.0,114.0,18400.0,136.75,18086.0,13971.25,21718.5,1124.0,79.75,439.5,33902.0,98.0,22786.75,9126.5,17691.5,187.75,6389.5,99.5,24965.75,90.0,711.25,167.5,526.25,25888.25,9735.5,2523.5,807.0,30592.5,744.75,30105.5,25108.5,26209.0,5321.0,722.25,39124.5,32523.5,76.25,10166.0,12527.75,160.0,44.75,130.5,7414.5,30333.5,408.5,339.25,197.0,648.75,27378.5,199.75,11582.5,149.0,2317.0,230.5,644.5,24560.0,843.5,28350.0,27606.0,26173.75,4714.25,270.0,814.5,39061.5,134.5,28958.0
GI29,2,1451.5,2566.75,134.5,947.0,564.75,276.5,95.75,156.25,374.25,297.5,18814.0,181.5,10128.0,151.25,209.0,106.0,87.5,13677.0,120.0,11441.5,6464.5,14682.5,270.0,95.0,304.5,35048.5,16816.5,209.0,445.75,1082.5,99.5,312.5,199.75,542.25,13415.5,5016.0,189.5,147.75,8803.25,6036.0,102.0,2679.25,9604.25,128.0,199.5,31998.75,8605.5,84.75,2107.5,3938.0,190.75,61.25,863.0,90.75,931.5,260.25,120.5,117.0,443.5,279.5,43772.5,148.75,17541.0,182.25,192.5,80.5,64.5,26751.0,96.5,22026.25,14975.5,28020.25,249.5,84.25,264.75,52301.75,113.0,30219.5,2583.5,3031.5,154.5,662.0,113.0,1128.25,536.0,537.25,246.25,529.5,20540.25,13774.5,510.25,100.5,16719.5,256.0,15082.0,12398.0,18009.0,975.25,358.75,35686.25,17563.5,92.25,9057.0,11019.5,306.0,137.75,652.0,1155.0,4883.25,1156.75,280.0,670.0,1048.75,53597.5,274.5,39726.25,149.0,1082.0,121.5,225.5,43448.75,795.25,44221.25,33709.0,49875.25,2626.0,168.75,1123.75,70724.5,129.5,44949.0
GI36,2,25469.25,36659.25,1448.5,6820.5,32881.5,227.75,291.0,211.0,8437.5,291.5,57078.25,153.0,24340.25,6405.5,3232.0,97.75,131.5,52452.0,286.25,41893.0,37765.75,43228.75,4802.0,317.0,10211.5,88360.75,62484.25,4793.5,12285.0,4379.5,128.0,14221.0,189.75,7552.25,34475.25,7267.25,3333.5,268.5,29178.5,21176.0,92.0,14096.5,27040.0,544.75,1578.75,75388.25,35954.25,128.0,20587.0,38146.75,179.25,95.25,4900.5,106.5,34424.5,176.5,173.0,176.5,13358.75,260.5,67280.5,150.75,32447.0,4877.5,2857.5,90.5,86.5,66849.0,243.75,45460.0,50324.5,56609.5,5348.0,187.0,9017.5,105410.0,139.75,72713.5,9852.0,17555.5,182.5,2702.5,114.0,19012.0,196.25,297.75,8464.5,309.0,36431.25,13532.0,1766.75,142.5,27252.0,240.5,25028.5,22507.5,20244.5,3970.25,2472.0,54973.5,36064.5,94.25,28361.25,45130.5,774.0,259.5,1195.0,7392.0,47284.0,752.5,455.5,19873.75,782.25,70309.5,152.25,41357.5,11487.0,7658.5,108.25,464.0,67553.75,963.75,53813.5,51699.5,55091.5,13268.5,834.5,9286.0,93710.25,262.0,71531.5
GI46,2,11635.75,5525.25,100.5,2672.5,73863.5,182.75,117.25,179.0,215.0,267.0,34785.0,153.75,9751.5,156.0,1604.5,343.5,104.0,31414.0,216.5,31121.75,30497.0,37278.25,5915.0,168.5,1708.0,57548.5,38218.75,1462.0,1024.75,2392.5,146.0,47803.5,142.5,529.75,16307.0,1658.75,216.5,220.75,17258.25,11361.5,95.25,8962.0,13498.0,632.5,366.25,32004.75,15855.0,105.0,11386.25,6872.0,185.25,83.5,2299.0,116.75,81833.75,161.25,129.25,147.0,154.5,217.75,39737.5,150.5,13331.25,139.0,1241.5,310.25,127.0,39840.0,159.25,32845.0,24883.75,38533.25,4806.25,150.5,1036.0,62871.0,96.75,34584.0,5005.5,4954.75,185.0,1635.5,92.75,40196.25,131.0,158.75,143.25,242.0,15067.5,7647.25,1665.5,251.75,16125.0,511.0,17066.25,12787.5,18457.25,4640.25,1741.0,30552.5,17688.5,81.5,25037.5,22582.5,207.0,84.75,112.0,5231.0,83419.0,317.5,1181.5,242.5,444.5,60893.5,326.75,28384.0,162.5,11958.5,1144.5,1369.5,56262.25,2214.25,51813.0,47699.0,55478.25,16136.75,605.25,8408.5,67809.5,127.75,57370.5
GM22,2,23090.5,19479.0,268.75,42099.75,39978.5,847.0,350.75,2189.0,763.75,931.25,82175.25,1807.5,11179.0,195.25,10722.25,466.75,5066.5,72550.5,5498.25,82897.5,74803.25,81126.0,21680.25,1996.5,5442.5,94299.75,81539.0,25996.75,26278.0,73456.25,138.25,70601.5,461.75,3585.0,118651.5,20321.5,332.5,6465.0,106017.0,104778.75,81.0,100530.75,110631.5,28777.0,8284.75,130660.75,115378.25,107.5,26946.5,24821.25,175.5,72.25,44562.0,114.0,55410.0,606.25,247.0,2100.25,493.5,1115.5,98824.25,1778.25,17086.0,147.75,11045.5,508.0,6614.0,90477.0,5624.0,84640.75,81930.5,100170.75,28435.5,1226.75,4995.75,113638.75,172.5,87374.0,28146.0,23510.25,175.0,44625.5,126.75,48407.25,388.25,2136.0,1252.0,2835.25,75922.5,19659.5,14953.0,11574.0,67367.5,13093.5,70186.75,67024.0,76592.75,24209.5,9075.75,94619.75,77693.0,83.5,27781.75,25548.5,237.5,79.25,698.75,39880.0,60484.5,1837.5,10120.25,1382.75,3478.0,95602.25,9243.75,30884.25,154.0,21093.5,2919.25,24105.5,91186.75,15666.5,91107.5,92147.75,88215.0,34089.0,10654.25,11408.75,112257.5,287.5,95687.5
HF57,2,25223.0,19828.75,131.0,17984.25,637.0,232.0,172.5,188.5,228.5,270.75,83969.75,169.25,14603.0,300.0,5685.0,85.75,553.0,71576.25,219.0,77709.5,70687.5,77681.0,18336.0,147.5,1605.0,109754.5,79486.5,45585.0,33489.5,24890.5,122.0,703.0,142.0,1029.75,112907.25,20528.0,667.0,5188.0,102978.75,113721.0,54.75,105971.0,111658.0,14574.75,933.25,135545.0,113859.0,122.5,40584.0,27798.75,193.5,80.5,19520.5,114.5,942.5,190.0,132.0,166.75,168.5,225.25,110865.5,189.5,18155.5,240.25,4153.0,98.25,836.75,96483.0,180.5,102006.75,94539.5,87294.5,19548.0,122.25,2338.25,129277.0,208.5,111723.75,23292.25,20438.75,179.25,5594.75,109.5,1088.5,129.25,349.0,185.25,342.25,74810.75,9796.5,4880.5,674.5,67109.5,271.75,67711.5,72289.5,60978.5,15154.0,836.25,94522.0,82695.5,72.25,36749.0,32015.0,181.25,83.5,94.5,7586.0,1432.25,391.0,279.0,229.0,409.5,92039.5,809.75,21150.5,785.0,6891.5,79.25,995.0,89130.0,484.5,89033.5,89033.5,83368.0,23485.75,191.0,1982.25,119707.5,279.75,101353.0
HP40,2,6076.5,2221.5,86.0,23073.25,16842.75,215.5,182.75,176.0,14937.0,273.75,30313.5,736.75,4723.75,1994.5,570.25,109.0,832.0,25475.0,170.75,19018.0,16931.0,21958.5,3471.5,110.5,938.75,36195.25,17648.5,5093.25,1503.5,37490.75,283.5,13318.75,383.75,25784.5,41440.5,3650.5,3818.25,280.0,31740.75,33219.75,171.75,25360.5,42151.25,2255.0,297.25,58901.5,36309.5,128.0,7483.75,2249.5,174.75,65.0,26295.0,87.25,12949.25,185.0,112.75,131.0,12261.0,316.0,26639.75,731.0,6317.25,1195.5,360.5,88.0,479.0,27031.75,126.0,21150.0,15257.5,28912.75,3326.0,88.25,466.75,40925.5,108.0,24137.75,16356.25,9117.75,193.5,17806.5,107.5,24432.75,97.5,497.75,18180.5,1166.0,43290.25,11096.0,2960.0,3378.5,38711.5,624.0,33326.0,33749.5,40253.25,11766.5,1614.0,50040.0,38305.25,91.25,34589.5,21173.0,276.25,92.0,114.0,33879.5,36834.0,1925.5,952.0,31009.5,2875.75,64161.25,12695.5,30907.0,15049.75,4322.0,761.5,9333.0,56631.75,1509.25,60234.5,53040.5,67417.5,18650.0,977.0,3051.25,77089.0,152.75,68258.0
IA21,1,51093.75,56763.0,78.25,19568.5,86406.0,4198.5,574.25,1033.75,1433.5,5986.5,92172.75,232.25,67425.75,3438.25,13473.5,1348.0,5517.0,87885.0,3111.0,79877.0,74236.0,92023.75,33168.25,2925.0,18009.0,109468.0,91943.75,38855.0,63057.5,10918.0,146.5,92769.0,581.0,3656.75,102680.5,52744.75,2309.75,7373.0,94116.0,92000.75,117.0,77411.5,89432.75,16835.5,7489.25,118565.25,94609.5,86.75,68599.0,76872.75,154.75,65.5,21007.25,103.5,114536.5,4643.5,369.25,1118.25,1829.0,8758.0,123787.5,199.0,85214.5,2975.5,17403.5,2031.25,5603.25,107797.25,3766.0,105387.5,99028.75,109586.75,37856.75,2872.75,18146.0,136340.25,213.5,117616.5,26386.75,37749.5,172.25,2430.0,120.75,66364.75,71.5,2109.25,1876.5,3664.25,59282.25,36878.5,9541.0,2045.0,55443.5,1364.5,49232.5,52154.5,52315.0,14410.0,4722.5,76971.0,63030.0,89.5,58938.75,62194.75,194.5,86.75,98.25,4612.75,103012.5,5216.0,1657.5,4852.0,9856.5,92027.75,1010.5,66639.0,9146.25,19508.25,5249.25,6084.75,92636.0,3554.75,86652.25,80572.0,89977.0,30708.5,5459.5,13220.5,115605.0,412.5,90726.5
IA36,1,928.75,2268.25,969.5,17846.25,2659.0,144.5,108.75,129.5,174.0,195.0,26868.5,152.0,1861.75,156.5,173.75,90.75,93.5,20730.75,161.0,19897.5,22678.0,25441.0,932.75,107.25,332.25,41796.0,25498.25,133.25,403.25,18591.5,96.75,1164.5,141.5,1321.75,26702.0,311.75,255.75,104.5,18974.25,22929.75,49.5,16486.5,26231.75,199.0,208.5,45051.5,25968.5,106.75,930.0,3008.5,175.0,81.5,21371.75,104.25,6690.0,135.0,111.25,125.0,134.0,195.5,60768.5,138.25,2135.5,133.5,143.0,85.25,95.0,34049.5,125.25,40908.25,37573.0,39334.5,893.0,75.5,483.5,63195.25,99.25,42067.75,1297.0,2337.5,190.0,8399.25,66.5,3016.25,86.5,238.25,198.25,206.5,14581.5,2132.25,264.75,153.75,15268.5,238.5,19493.5,13602.0,16585.0,1502.25,411.25,34723.5,20553.25,85.0,7004.5,14599.5,231.0,91.0,774.75,15352.5,19125.0,251.0,340.0,243.5,349.5,59239.75,154.0,12963.5,194.5,853.5,104.0,622.75,48676.25,841.0,53324.5,52960.5,55796.5,5140.0,130.0,1018.75,67752.5,138.0,55404.25
IN66,2,9605.5,7399.75,105.5,8681.0,45974.5,133.5,130.25,151.5,505.75,175.0,31637.5,2539.5,10849.0,235.25,404.5,280.5,234.5,30325.0,79.5,38132.5,28101.0,30989.75,6468.5,135.5,1138.5,44444.0,38327.5,3263.0,2082.5,15442.5,164.25,58419.75,153.0,2417.5,34681.5,4118.5,395.0,182.0,33730.0,32915.75,159.0,25332.25,38895.25,1418.0,462.25,53490.0,29069.75,69.0,5367.5,6913.25,156.0,62.5,7498.0,125.25,58666.25,129.25,121.0,151.5,183.0,206.75,29037.5,1581.5,7126.75,173.5,281.5,142.0,109.5,29049.0,89.25,30753.5,26086.75,39010.25,3890.25,107.0,914.0,47562.5,101.25,35492.75,19614.5,11994.0,491.5,12870.5,139.75,77973.75,108.25,2041.75,8305.25,2871.5,39617.0,22610.75,10231.75,3389.25,37938.25,10330.25,33589.25,29498.0,38264.75,48458.5,29245.75,54475.0,36758.0,256.75,25952.0,19592.25,336.0,125.75,144.75,14975.0,77566.0,805.75,12762.75,3476.75,1125.25,53120.25,121958.0,26582.75,114866.0,6556.5,26713.5,2498.0,58621.0,2300.5,54722.5,48267.0,59240.25,32254.0,11381.0,11343.0,65365.75,516.75,56018.25
JC25,1,3015.25,7532.25,88.5,13219.25,11203.5,216.5,100.75,129.25,276.5,289.25,39433.75,164.75,8460.0,168.25,387.0,68.5,284.75,41039.0,152.75,35862.5,26572.25,31884.0,2538.75,128.0,392.25,62450.25,40677.75,1572.75,6729.75,14531.25,87.5,12993.0,147.5,1788.5,47000.75,6834.0,301.5,148.75,41079.5,39818.0,92.25,34704.75,43480.75,514.5,338.5,66892.25,43435.0,73.25,9309.5,19693.0,186.0,61.75,23054.0,97.5,29077.25,190.5,108.0,128.75,177.5,329.0,72929.0,150.25,21775.25,143.5,469.75,98.0,392.0,65485.0,152.0,57705.5,57058.0,63905.5,2143.25,99.25,527.0,82356.75,112.0,62905.5,5766.75,7377.5,244.0,8861.0,108.25,20387.5,120.5,329.5,299.0,573.5,37457.25,12122.5,1089.75,977.5,35176.5,271.0,34162.25,29194.5,28867.5,3540.25,438.5,52338.0,35027.5,73.0,18297.75,27696.5,246.0,70.5,97.25,15699.75,39567.25,1082.75,249.5,491.25,1384.25,65218.25,555.5,27844.25,171.0,3191.0,159.75,2159.0,60450.5,1124.25,63842.75,54563.5,62047.25,8715.5,285.5,983.0,81362.0,163.0,62979.5
JE99,1,2156.5,1565.0,70.25,16429.75,24495.0,112.0,99.25,159.25,217.5,223.0,25221.0,180.75,1030.5,208.0,178.5,102.75,352.75,14761.5,128.0,23703.25,18633.5,20814.5,4451.0,107.0,347.25,46851.75,23394.25,227.0,213.5,17792.0,124.75,17320.25,200.75,1713.25,11770.75,161.5,488.5,126.0,12224.0,13690.5,78.5,6763.75,12867.5,479.5,225.75,23474.5,15926.0,88.5,6160.5,3163.75,138.5,71.0,17714.5,93.0,43664.5,158.0,131.75,136.25,191.75,268.0,34515.5,180.25,1667.0,141.25,215.0,100.75,665.5,34055.25,125.0,33447.25,29919.0,44141.75,5179.5,84.5,565.0,59223.0,117.0,42914.25,1634.75,910.25,155.75,5312.0,103.0,12915.75,97.75,188.5,187.5,294.0,11300.25,753.0,176.5,297.25,10363.5,144.75,10566.5,9467.75,11898.75,2840.5,249.5,21802.75,11552.75,90.0,8798.25,6306.5,239.75,77.75,101.25,14477.25,50665.0,516.0,276.5,500.5,657.5,45255.25,618.5,4716.75,382.25,906.75,219.5,2800.25,37822.75,537.25,44903.25,39078.5,46460.5,10689.75,351.5,718.5,57921.75,112.0,45096.5
EE71,1,890.75,4677.75,753.0,1207.75,43337.5,224.0,130.0,143.25,355.25,252.25,28227.0,202.0,4547.75,200.25,537.5,115.0,64.0,20357.75,113.75,22855.75,17622.25,21451.0,470.0,102.5,274.5,35060.0,23790.0,373.75,2514.25,2153.5,88.75,33649.5,139.0,1397.0,28570.75,2456.0,247.5,158.25,15917.75,11987.25,45.25,15198.5,21904.0,181.75,201.75,41767.25,16923.0,80.0,332.25,4205.25,153.0,122.5,777.5,100.25,33879.5,190.25,97.75,127.25,206.0,240.25,16399.75,177.0,3179.25,147.25,366.75,74.5,67.25,17230.5,86.75,22231.75,12409.75,17093.25,409.5,81.0,213.0,31913.0,97.5,18575.25,1011.25,2629.5,163.25,717.5,129.0,14824.5,583.5,447.5,247.0,449.75,6581.5,4201.0,458.25,143.5,8233.0,160.0,7810.75,7285.25,11799.5,878.25,260.0,14736.75,8799.0,91.0,3558.5,10069.5,197.5,684.5,3854.25,890.5,46590.5,861.5,229.5,337.25,602.25,26810.0,7317.5,15514.75,6445.75,1190.25,204.5,307.25,23753.0,280.75,25326.75,20843.5,33288.25,2396.5,292.75,445.0,37624.0,127.5,22997.0
GC03,1,40677.75,48456.75,126.25,44748.0,71822.5,1703.0,477.0,3408.0,531.0,2011.0,106085.75,2892.25,46416.25,2182.5,13785.0,344.5,7310.75,96088.25,8092.0,89977.25,88865.0,96495.0,29207.25,1884.25,18781.0,119597.0,99349.75,23044.5,37697.25,23967.5,95.5,60661.25,336.5,2183.5,102531.5,26129.0,800.25,3811.25,83075.75,81504.75,105.0,78180.0,88062.5,7110.5,3049.5,111497.0,90613.5,97.75,51665.0,61001.75,311.75,87.75,52597.0,136.0,98080.0,1455.25,258.0,2877.5,374.0,2888.5,135169.75,648.25,58512.75,410.25,14818.75,308.25,7471.5,120821.5,7316.0,112241.0,124367.0,126339.25,36873.75,1577.5,18377.5,134232.0,114.0,125963.75,26558.75,28443.75,249.25,7998.25,115.5,47525.0,100.5,1526.75,776.75,2154.25,74650.5,30054.0,4980.0,1979.0,59517.5,1629.75,71842.75,62617.25,73562.0,16832.0,4434.75,82964.75,65797.5,103.75,13095.0,16898.0,228.5,114.0,93.0,7074.5,41198.25,605.5,639.25,429.5,829.5,53665.25,1810.0,17950.0,599.0,3064.0,220.25,904.75,51199.25,1019.5,52835.5,50369.75,65257.5,7894.5,392.0,1808.75,74020.25,134.0,55961.0
GH35,2,3711.0,2949.25,1169.5,20080.5,78031.0,394.5,133.75,276.5,1681.25,293.0,53919.5,199.25,14224.0,314.25,965.25,198.0,374.25,49763.75,630.5,48485.5,41050.25,52928.0,14047.0,371.0,1616.5,68732.5,45871.5,398.5,249.25,27218.0,124.75,62369.5,146.0,5006.5,35266.5,1144.0,583.0,201.25,33896.25,27280.75,71.75,21819.25,40999.0,3555.75,623.5,41388.5,30990.0,106.5,2292.75,1428.75,186.0,72.0,22113.0,96.75,96966.5,150.25,96.0,193.5,960.0,248.0,63257.75,4488.5,13905.5,6636.25,562.5,197.0,152.0,53722.5,386.0,41635.5,50472.0,57615.0,12863.75,207.0,1174.0,79600.75,97.25,48539.75,5675.25,3068.0,253.0,8517.0,111.0,62170.25,1279.5,603.25,2044.5,801.0,42367.75,8643.5,2103.5,665.0,38700.5,1258.75,34540.25,30059.5,46476.0,12203.25,2008.0,51014.5,48659.25,67.25,10266.5,7263.0,376.5,590.0,1141.5,12148.25,77634.25,2048.5,25332.0,8258.75,1806.75,38414.0,133868.5,20636.5,137323.0,9199.0,35246.5,1686.0,35947.5,7427.75,40243.5,41005.0,39573.0,37567.0,21598.0,15888.5,52477.5,1070.75,33697.5
GJ04,1,4461.0,3686.5,88.0,1064.75,73731.5,264.25,108.5,181.5,1352.75,319.0,45229.5,147.0,4267.75,274.75,830.0,198.5,122.5,38155.75,432.5,41428.75,27568.75,49482.75,6199.25,144.75,1475.5,56591.0,38041.0,487.5,358.0,2484.0,112.0,67614.5,128.0,5365.0,40230.5,490.25,651.0,152.75,27453.0,28720.0,82.5,19513.5,35908.5,587.75,247.0,43400.75,29029.5,65.5,5479.5,4015.25,217.0,63.5,831.75,109.0,103682.75,233.0,107.75,166.0,1074.5,314.5,70292.5,139.75,4952.5,150.5,682.5,181.0,96.0,56285.0,462.75,55887.25,45585.0,64917.0,7111.5,112.5,1947.5,74122.5,114.5,46392.25,15624.75,12164.5,482.0,1178.5,140.5,75985.75,109.5,2045.25,5759.5,2630.5,52722.0,15413.5,5453.0,601.25,45914.75,3717.75,43181.0,47605.0,58010.5,23094.0,7695.5,59901.5,49960.0,112.0,7793.5,4008.25,224.0,145.5,111.75,999.75,63547.5,605.5,5435.75,2509.25,1069.25,30691.0,79123.0,7456.5,84686.25,2833.0,12748.25,331.0,30037.75,1867.75,31355.75,26020.0,36084.0,16555.75,5819.25,3818.75,42641.5,236.75,33845.0
GK91,1,496.0,1325.25,136.5,5923.75,1435.5,181.5,93.25,166.0,974.5,269.5,10105.75,189.75,1603.0,270.0,187.5,48.75,116.5,8679.5,144.75,9667.5,5235.5,9192.25,300.5,105.0,748.0,27441.25,8237.5,171.75,621.75,5772.5,131.5,738.5,115.5,2122.25,9234.0,787.0,305.5,124.0,6192.0,7268.5,76.5,2602.75,7661.0,154.0,270.25,25429.5,7532.25,65.25,729.75,1523.5,182.0,54.75,5177.0,103.0,2943.0,127.0,93.0,131.25,508.0,203.5,21391.0,165.0,2613.5,155.75,118.0,81.0,67.0,17487.0,102.25,15301.5,12220.5,16418.5,315.0,64.0,720.0,43420.0,96.75,14160.75,497.5,1311.5,182.0,1501.0,106.75,985.0,596.25,159.5,696.0,217.75,7228.0,2945.25,187.0,80.0,7228.75,106.5,6667.0,4623.5,7028.0,532.75,409.75,21533.5,7762.5,91.5,709.5,2365.0,216.75,68.25,103.5,1578.75,1868.0,174.0,144.25,721.5,240.0,10642.5,200.25,5806.75,233.0,256.25,68.5,127.75,10435.75,169.5,10630.25,11284.0,14395.0,742.0,93.75,516.5,34765.5,122.75,17034.5
GM41,1,8608.5,5452.25,3116.0,18489.0,85007.25,188.5,132.75,636.0,2910.75,333.75,51070.75,295.75,5192.0,287.25,2103.25,274.0,224.75,37169.5,1049.5,43590.0,40311.0,55456.5,9816.0,280.75,11678.5,61475.25,46295.5,3225.5,2844.25,21313.5,103.5,86423.0,127.25,6587.75,57227.75,1188.75,438.0,1728.75,43291.75,46467.5,106.0,38207.0,49259.5,3000.0,5459.25,65987.0,51592.5,115.5,14365.0,11492.0,212.5,221.5,43539.0,114.0,123162.5,228.0,161.75,800.0,3873.75,314.5,82015.5,319.0,9199.0,195.0,4158.5,400.5,335.5,71156.5,2196.25,72776.0,67559.5,82003.75,17116.5,304.25,12959.0,102836.0,116.5,69121.5,17574.0,16532.5,298.25,23281.25,114.0,85371.25,3047.5,2566.5,5044.0,2016.75,69029.25,16436.5,15137.0,3686.75,59534.5,7825.25,63018.5,56090.75,61901.0,18394.0,16526.0,72713.5,67757.25,200.0,10722.5,6876.0,222.5,791.5,4174.25,12792.5,72974.75,604.5,2629.0,2458.0,688.0,37453.25,15629.75,9492.25,17109.0,7170.75,1275.5,1541.75,41948.25,4853.0,43090.25,40720.75,43863.0,11662.25,1657.25,9734.0,54341.5,178.5,45369.25
GM62,1,1130.5,966.25,134.0,4266.0,2867.25,312.25,156.75,202.25,819.0,343.0,4877.0,206.0,1647.5,448.0,340.5,259.75,144.5,4111.5,173.0,3197.0,2948.25,2975.5,248.0,132.5,279.5,9155.5,3637.75,184.75,301.75,3568.0,156.75,1744.25,137.5,850.75,2013.5,347.5,308.5,149.25,1166.75,1155.5,78.0,677.0,1486.5,131.0,227.5,4288.0,1181.0,88.25,600.0,992.0,170.75,67.0,2114.5,96.5,4199.25,121.0,99.5,113.25,190.75,197.0,5840.25,143.5,849.75,171.5,133.0,85.25,64.25,3295.25,60.0,3858.0,2194.0,4401.5,169.5,79.0,205.5,11550.0,94.75,4206.5,2123.75,1918.25,179.5,3629.5,113.25,6950.0,77.75,134.25,399.75,220.0,6648.75,2871.0,574.5,136.75,6827.5,144.5,5409.25,4834.0,9154.5,634.75,273.5,12732.5,7969.0,84.75,4600.0,4999.5,167.5,70.5,93.0,4395.0,9105.0,170.5,180.75,487.75,221.75,14364.0,164.75,6820.75,374.0,678.5,147.0,135.0,10218.25,139.5,11255.25,8873.0,10504.0,952.75,87.5,295.5,22309.25,103.0,13437.25
GN03,1,4090.0,5309.25,99.5,11552.75,42082.25,192.0,123.25,146.5,474.0,232.0,21359.75,144.0,3687.75,239.75,335.75,134.5,124.5,15624.0,112.75,15134.5,11944.25,16997.75,1661.5,108.0,493.5,32033.25,14452.0,426.0,1060.25,10045.0,118.75,38126.75,123.25,1108.0,11151.5,650.25,314.25,132.0,10342.75,8163.0,76.25,4951.5,12153.0,264.5,243.75,23572.25,8766.75,67.0,2973.25,2424.0,166.25,92.75,13838.0,102.75,44675.75,114.75,104.5,131.0,191.5,200.25,23224.25,151.5,2396.5,178.0,238.0,77.0,90.5,14038.25,106.75,9739.0,13037.0,14294.0,1254.0,84.25,510.5,30509.25,88.25,17892.25,3805.25,3591.75,193.5,6316.0,97.5,47513.25,86.5,210.75,296.0,233.0,15937.5,3318.5,509.25,221.25,13982.5,191.0,14551.25,11015.5,16735.5,2532.0,556.0,25223.5,17616.75,72.5,4112.25,5287.25,147.75,64.5,86.5,7178.75,44386.0,145.25,171.25,326.75,230.25,21774.75,166.75,4079.5,222.25,531.25,172.5,287.0,16667.5,178.5,19845.5,12181.25,20572.25,2230.0,155.25,573.0,27133.75,109.5,14010.75
HE88,1,1844.75,5438.75,229.25,5409.5,21451.0,244.25,147.0,191.0,406.75,312.0,20323.5,181.0,6845.0,300.0,535.75,171.5,151.5,17085.25,117.5,18049.5,9253.5,16826.25,1478.75,145.75,402.75,36046.0,20095.5,449.25,2389.75,5220.5,151.5,23228.0,148.0,430.25,25475.25,4318.75,225.0,144.25,17832.0,17506.5,119.25,14861.5,22075.75,350.75,222.0,40213.5,20820.5,74.5,1342.75,4892.25,171.25,89.75,3037.5,117.0,31776.5,176.0,107.5,122.5,177.75,254.75,18553.5,142.5,5630.5,157.5,251.5,124.5,84.75,16206.0,92.0,16258.0,15277.25,15070.0,1598.75,62.5,208.0,34555.0,111.0,21315.25,2346.5,6989.0,169.5,2605.25,107.5,22278.0,129.5,271.25,167.0,362.0,16975.0,10538.5,854.5,254.0,17009.25,136.75,20072.0,15055.5,19174.75,2063.0,356.0,33967.5,19429.0,87.5,5774.25,10360.0,127.0,49.0,103.0,3385.25,38061.0,263.75,139.0,206.0,361.5,30526.25,151.25,16103.5,205.25,1100.75,211.75,380.5,27543.25,137.5,30378.75,23991.5,29435.0,3830.5,118.25,490.25,44232.5,122.0,28969.5
HV65,1,252.0,225.25,70.75,5929.5,900.0,255.0,132.5,161.25,361.75,360.5,6660.0,205.0,558.0,279.25,180.0,77.5,128.0,5995.75,171.5,7404.5,4753.0,5811.75,659.75,106.0,322.75,15560.0,7418.75,122.75,130.5,4071.0,103.0,454.75,173.25,319.5,5006.75,195.0,214.25,114.25,4235.0,4978.0,73.0,3063.5,3708.5,231.5,217.0,13291.25,5269.0,95.75,144.25,161.0,149.5,53.75,2827.75,107.5,700.75,206.25,102.0,121.5,206.25,281.0,5438.75,141.0,282.0,159.5,123.0,72.0,65.5,5333.75,92.0,5776.0,2912.0,3909.0,304.25,84.0,186.5,12443.5,120.5,5566.75,437.25,363.25,151.25,2404.25,108.5,1907.5,78.25,308.0,162.0,430.5,6316.5,1085.75,252.0,183.0,6648.5,214.5,7370.0,6004.5,6828.0,1013.0,400.0,16048.0,7283.5,74.5,1300.0,812.25,191.0,72.5,123.0,5638.0,5333.0,432.5,202.25,139.75,503.75,18454.0,219.0,2380.0,199.75,513.0,92.75,382.75,20224.25,503.0,20655.25,15266.5,20320.75,2745.5,140.0,627.25,38686.0,107.25,23536.5
IC95,1,3552.0,5136.5,2011.0,13936.0,14297.0,941.25,105.0,387.5,580.0,735.25,36063.25,192.75,9003.0,527.5,557.5,111.75,723.25,28307.25,545.25,31878.25,22981.5,30566.0,4573.5,202.25,1764.0,54000.0,33403.25,351.5,639.75,7178.5,124.25,4572.25,194.75,601.25,18674.0,1249.75,306.25,128.25,16722.5,13615.5,70.0,9684.75,13144.0,534.5,284.25,34349.0,17252.5,80.5,2129.25,3723.75,164.0,160.75,9465.5,111.25,11388.5,568.25,117.5,226.75,434.0,641.5,29753.5,143.25,4920.5,276.75,274.5,99.25,288.25,25048.5,315.5,26895.25,22900.5,26304.25,2638.0,126.75,817.0,48022.75,109.0,35925.0,3100.5,3645.25,162.0,4620.5,112.0,14429.25,646.25,778.25,702.75,902.75,26432.5,6458.25,565.0,527.25,16483.25,527.5,20721.75,17356.5,22496.0,4193.0,903.0,38132.75,24862.5,133.75,5068.5,8071.0,219.0,313.0,2654.5,9574.75,21058.75,1237.5,666.5,839.75,1419.75,43488.25,267.5,9983.75,1044.25,976.25,212.0,1216.75,30481.0,1233.75,32742.5,26753.25,29583.5,5933.75,344.0,1272.0,54438.5,122.25,41181.0
IJ26,2,408.25,3301.0,168.25,3239.75,5549.75,207.25,121.0,183.75,448.5,314.5,29482.25,186.0,4437.75,302.0,812.75,115.75,105.5,19863.25,474.25,21118.5,16015.75,23333.25,668.5,129.0,310.0,33317.0,20212.5,126.0,488.0,3354.0,114.5,2009.25,164.0,759.5,19610.75,829.5,334.0,155.5,16402.0,16639.25,93.75,14368.0,21829.25,157.0,223.5,32915.75,19938.0,87.75,293.75,3014.0,182.75,80.5,3181.0,109.75,8087.0,227.5,98.75,126.0,210.75,253.0,39624.0,146.25,4812.25,184.0,398.0,68.75,98.0,26676.0,380.5,26014.5,25900.5,39260.25,470.0,76.25,240.5,48682.0,99.75,34345.25,1970.0,5258.5,186.5,2448.0,115.0,10926.25,261.0,562.5,265.0,679.25,28799.0,10853.25,2277.75,258.5,26873.75,1063.75,29303.0,20599.5,32288.75,1980.5,520.0,40213.0,26232.0,110.5,2810.25,11692.75,232.0,188.25,1394.0,3479.0,17953.5,917.25,433.5,293.0,730.25,46187.25,146.75,15523.0,296.25,2758.75,93.5,413.0,37959.0,1986.75,35458.5,36578.25,37953.5,4279.25,183.5,702.25,43550.5,116.5,38084.0
IV92,2,24753.25,19710.0,106.0,33025.0,30342.0,2041.5,151.75,312.75,6531.25,1935.75,68669.75,163.75,9276.25,2360.5,3629.75,97.25,1278.5,63705.25,1196.25,69271.5,60472.0,69931.0,15828.0,398.25,14325.75,85185.0,70257.5,7859.0,5795.75,20172.75,140.75,11662.75,720.25,4679.0,55273.0,1921.0,1041.75,492.25,51019.0,51305.5,74.0,42128.25,53851.5,2311.75,3385.5,77973.5,59113.5,104.5,11330.0,4017.5,159.25,80.25,13705.0,117.25,16229.5,731.5,122.5,170.25,3068.0,699.5,55137.25,155.75,2576.0,815.75,1294.25,83.5,349.5,44750.0,353.75,35333.5,42425.5,48136.5,5378.5,147.5,4289.25,72327.25,133.5,51586.0,17992.25,14858.5,168.25,15276.5,88.0,27148.75,80.0,2256.0,11045.25,2969.0,58429.0,9217.5,5341.0,3086.5,49238.0,2543.75,47513.25,44035.25,45794.0,10867.0,9022.25,59042.0,48510.0,82.5,31163.0,21463.75,209.5,69.0,107.25,24128.0,36209.0,4974.5,1410.0,10372.0,6727.0,66547.5,192.75,18384.5,6843.0,8025.25,220.5,4562.5,70730.0,4294.75,69173.0,63723.5,70832.25,16019.5,1600.0,14655.0,86664.0,261.0,65314.5
JB44,1,2155.25,6084.25,1058.5,32790.0,35283.5,327.75,109.25,885.25,573.0,481.5,61721.75,167.0,6833.5,180.0,1666.0,87.0,485.25,52888.0,1659.25,57749.25,47597.25,60833.25,10633.5,548.75,4811.25,75273.75,58242.0,239.0,779.5,22825.0,129.5,22905.75,245.5,1135.5,32939.0,792.25,269.75,165.0,25796.5,29069.75,140.0,19129.5,29591.5,1136.0,390.5,45103.5,31030.0,79.5,795.0,1725.5,143.5,69.5,12358.5,112.0,21159.5,278.5,107.25,258.5,346.0,311.0,27878.0,153.0,2133.0,174.5,334.0,71.5,157.25,25798.5,275.75,26662.25,21345.5,30555.0,3660.25,146.0,889.5,37499.0,122.5,25140.0,2630.5,4141.75,168.75,16100.5,101.5,23218.0,5038.5,580.25,810.0,640.5,25017.25,7691.5,2316.75,1017.0,26129.0,2278.25,31389.0,23412.75,22267.0,6990.0,3142.5,45427.5,31251.25,77.5,6709.0,11099.5,176.5,55.5,208.0,27696.5,45744.0,1089.5,2201.0,761.25,1304.5,56580.75,360.25,10517.0,212.75,4502.5,143.25,2873.25,53205.25,5188.75,52148.5,44175.75,49045.75,11405.0,1597.75,5465.0,61814.5,223.5,54063.5
JC12,1,4984.75,15347.0,145.5,9398.75,5434.25,1091.75,143.5,171.5,438.5,1629.0,37656.5,181.0,12937.25,206.75,1071.5,131.25,235.5,34441.0,159.0,33455.0,30319.25,38637.0,1568.0,167.75,472.5,63992.0,38762.75,890.75,11180.5,7267.0,109.75,2444.5,371.0,750.25,39015.25,5091.5,241.5,172.0,30130.0,33282.75,91.0,26553.0,28926.5,325.75,228.25,60191.25,37966.25,102.25,3594.5,13855.25,171.0,73.25,6842.75,125.0,7352.75,1973.5,119.5,129.0,238.75,1812.75,61416.25,136.25,16703.5,163.25,835.5,106.5,379.0,50256.25,116.5,43306.5,41590.25,53966.75,1303.5,94.25,308.0,77679.5,113.0,51676.5,4292.0,18559.5,184.5,6408.5,107.25,9238.5,85.75,2682.0,328.0,4720.75,37394.0,13620.5,1482.25,690.0,34466.25,233.25,34076.25,37250.5,33738.5,4004.25,337.0,53185.75,38465.5,86.5,10228.0,28992.0,202.25,101.25,112.25,10527.0,20162.0,6069.0,279.0,449.5,6479.5,54029.0,148.5,21620.0,265.75,3514.0,521.25,1877.75,49687.75,538.0,40408.5,46181.75,53489.5,5950.5,485.0,610.0,70928.75,120.0,57274.25
JC52,1,6666.5,9039.75,114.5,1282.5,5849.5,233.25,158.5,162.0,2305.5,277.75,23938.5,173.75,13151.0,1094.25,1155.25,144.5,96.0,20860.5,141.0,21480.0,16942.0,24266.0,387.0,126.0,1007.5,44690.5,26610.5,3156.25,5485.25,1411.0,107.0,2511.5,159.5,2065.5,26384.75,5526.25,575.0,315.5,21101.5,22029.75,87.75,17412.75,23583.5,152.75,317.75,45407.25,22781.0,76.5,7905.5,15659.0,175.0,69.75,1275.0,96.75,10555.5,275.0,118.0,139.0,1926.75,316.0,45949.0,128.5,13883.25,605.5,1220.25,83.5,85.5,38385.25,133.5,44340.25,28367.0,45051.0,472.75,74.25,710.5,70201.75,106.25,45181.25,8128.0,10468.25,174.5,898.5,105.25,9200.5,66.5,416.0,2547.5,413.25,33795.5,13942.75,2586.25,217.25,25108.5,194.5,22851.0,30277.0,30821.5,1151.75,1328.0,44023.5,29452.25,68.5,29412.5,31106.0,254.0,65.25,88.0,1629.5,29372.75,1560.5,232.5,9752.0,1420.5,69627.5,139.75,44005.25,5694.5,11352.5,126.25,789.5,58518.5,653.25,58586.75,59461.75,64883.0,4888.0,259.75,3214.5,76259.0,143.25,65678.5
JF94,2,966.5,8858.75,117.25,19731.75,13176.5,819.0,136.75,167.0,11985.25,1141.0,22540.5,648.5,2816.25,585.0,514.25,102.25,166.0,16323.75,193.0,17366.25,13219.25,22345.25,2566.0,102.0,376.5,35558.5,19387.5,163.0,2572.75,10408.0,126.5,5039.0,531.5,11869.75,14505.0,753.75,479.0,168.75,10151.5,11381.0,97.0,7852.5,11816.0,362.25,219.0,20837.5,9583.75,79.0,817.75,12468.0,197.0,79.75,21667.25,112.75,19406.0,949.0,112.0,134.25,12282.5,694.75,25366.75,484.25,6006.5,330.0,344.25,87.0,123.75,28901.5,137.25,30037.5,21731.0,29617.0,2976.5,89.5,373.5,42891.5,101.75,31685.5,2126.5,8158.0,144.0,7608.25,135.5,13630.25,312.0,3141.25,13262.75,3537.75,22091.0,4970.5,1341.25,326.25,20022.5,439.0,18173.75,18403.0,22049.0,4364.5,587.0,32512.25,22775.0,94.0,7028.5,30117.25,239.75,198.25,772.0,17525.0,30929.75,7673.5,568.0,21502.75,8012.75,57382.0,4458.25,16193.25,2435.75,4098.75,119.5,880.5,47232.5,1482.5,37947.75,36754.5,48926.0,10482.25,292.0,1201.5,55699.75,83.75,45732.5
